-- phpMyAdmin SQL Dump
-- version 3.5.1
-- http://www.phpmyadmin.net
--
-- Servidor: localhost
-- Tiempo de generación: 06-12-2012 a las 05:45:45
-- Versión del servidor: 5.5.24-log
-- Versión de PHP: 5.4.3

SET SQL_MODE="NO_AUTO_VALUE_ON_ZERO";
SET time_zone = "+00:00";


/*!40101 SET @OLD_CHARACTER_SET_CLIENT=@@CHARACTER_SET_CLIENT */;
/*!40101 SET @OLD_CHARACTER_SET_RESULTS=@@CHARACTER_SET_RESULTS */;
/*!40101 SET @OLD_COLLATION_CONNECTION=@@COLLATION_CONNECTION */;
/*!40101 SET NAMES utf8 */;

--
-- Base de datos: `onlinestore`
--
CREATE DATABASE `onlinestore` DEFAULT CHARACTER SET latin1 COLLATE latin1_swedish_ci;
USE `onlinestore`;

-- --------------------------------------------------------

--
-- Estructura de tabla para la tabla `categoria`
--

CREATE TABLE IF NOT EXISTS `categoria` (
  `idcategoria` int(11) NOT NULL AUTO_INCREMENT,
  `descripcion` varchar(45) NOT NULL,
  PRIMARY KEY (`idcategoria`)
) ENGINE=InnoDB  DEFAULT CHARSET=latin1 COMMENT='Clasifica cada uno de los articulos que existen en la tienda' AUTO_INCREMENT=7 ;

--
-- Volcado de datos para la tabla `categoria`
--

INSERT INTO `categoria` (`idcategoria`, `descripcion`) VALUES
(1, 'ACCESORIOS'),
(2, 'CPU'),
(3, 'DISCO DURO'),
(4, 'MONITORES'),
(5, 'MOTHERBOARD'),
(6, 'MICROPROCESADORES');

-- --------------------------------------------------------

--
-- Estructura de tabla para la tabla `compra`
--

CREATE TABLE IF NOT EXISTS `compra` (
  `idcompra` int(11) NOT NULL AUTO_INCREMENT,
  `iddato_usuario` int(11) NOT NULL,
  `idproducto` int(11) NOT NULL,
  `costo` decimal(10,2) NOT NULL,
  `cantidad` int(11) NOT NULL,
  `fecha` datetime NOT NULL COMMENT 'Almacena la fecha y hora en que se registro la compra',
  PRIMARY KEY (`idcompra`),
  KEY `fk_producto` (`idproducto`),
  KEY `fk_usuario` (`iddato_usuario`)
) ENGINE=InnoDB DEFAULT CHARSET=latin1 COMMENT='Almacena las compras que ha realizado el cliente' AUTO_INCREMENT=1 ;

-- --------------------------------------------------------

--
-- Estructura de tabla para la tabla `dato_usuario`
--

CREATE TABLE IF NOT EXISTS `dato_usuario` (
  `iddato_usuario` int(11) NOT NULL,
  `nombre` varchar(45) NOT NULL,
  `apellido` varchar(45) NOT NULL,
  `direccion` varchar(100) NOT NULL,
  `telefono` char(10) NOT NULL,
  `email` varchar(75) NOT NULL,
  PRIMARY KEY (`iddato_usuario`)
) ENGINE=InnoDB DEFAULT CHARSET=latin1;

-- --------------------------------------------------------

--
-- Estructura de tabla para la tabla `marca`
--

CREATE TABLE IF NOT EXISTS `marca` (
  `idmarca` int(11) NOT NULL AUTO_INCREMENT,
  `descripcion` varchar(45) NOT NULL,
  PRIMARY KEY (`idmarca`)
) ENGINE=InnoDB  DEFAULT CHARSET=latin1 COMMENT='Registra la marca que pertenece cada producto vendido en la ' AUTO_INCREMENT=11 ;

--
-- Volcado de datos para la tabla `marca`
--

INSERT INTO `marca` (`idmarca`, `descripcion`) VALUES
(1, 'MANHATTAN'),
(2, 'MDC'),
(3, 'INTEL'),
(4, 'TOSHIBA'),
(5, 'SEAGATE'),
(6, 'ADATA'),
(7, 'SAMSUNG'),
(8, 'HP'),
(9, 'AOC '),
(10, 'BIOSTAR');

-- --------------------------------------------------------

--
-- Estructura de tabla para la tabla `producto`
--

CREATE TABLE IF NOT EXISTS `producto` (
  `idproducto` int(11) NOT NULL AUTO_INCREMENT,
  `titulo` varchar(50) NOT NULL COMMENT 'Titulo corto mostrado en la pagina web',
  `descripcion` text NOT NULL COMMENT 'Guarda las caracteristicas del producto',
  `existencias` int(11) NOT NULL,
  `costo` decimal(10,2) NOT NULL,
  `url_image` text COMMENT 'Guarda la direccion donde se aloja la imagen del producto',
  `idmarca` int(11) NOT NULL,
  `idcategoria` int(11) NOT NULL,
  PRIMARY KEY (`idproducto`),
  KEY `fk_marca` (`idmarca`),
  KEY `fk_categoria` (`idcategoria`)
) ENGINE=InnoDB  DEFAULT CHARSET=latin1 AUTO_INCREMENT=20 ;

--
-- Volcado de datos para la tabla `producto`
--

INSERT INTO `producto` (`idproducto`, `titulo`, `descripcion`, `existencias`, `costo`, `url_image`, `idmarca`, `idcategoria`) VALUES
(1, 'ADAPTADOR DE AUDIO 3-D USB DE ALTA VELOCIDAD', '<STRONG>CONECTE, ESCUCHE Y DISFRUTE DEL MEJOR DESEMPEñO EN AUDIO CON LA CONVENIENCIA DE USB<BR></STRONG>IDEAL PARA COMPUTADORAS, PORTáTILES Y MINI PORTáTILES, EL ADAPTADOR DE \r\nAUDIO 3D USB DE ALTA VELOCIDAD MANHATTAN CREA DE MANERA INSTANTáNEA UNA \r\nCONEXIóN DE MICRóFONO Y SALIDA DE AUDIO A TRAVéS DE CUALQUIER PUERTO \r\nUSB. CONECTE CON FACILIDAD AURICULARES, MICRóFONOS Y ALTAVOCES CON \r\nCABLES DE 3.5 MM EN POSICIONES DIFíCILES DE ALCANZAR. INSTALACIóN PLUG \r\nAND PLAY Y CAPACIDAD HOT SWAP REEMPLAZA CON FACILIDAD LAS TARJETAS DE \r\nSONIDO INSERVIBLES O DAñADOS MEJORANDO SU ACCESO SIN NECESIDAD DE \r\nCONTROLADORES ESPECIALES O DE SOFTWARE. UN AMPLIFICADOR INTEGRADO CLASE B\r\n UTILIZA UNA CONEXIóN USB ALIMENTADA POR BUS, ELIMINANDO LA NECESIDAD DE\r\n CONECTAR ALIMENTADORES EXTERNOS O CABLES ADICIONALES. SOPORTA AUDIO \r\nTRIDIMENSIONAL Y SONIDO AMBIENTAL 5.1 VIRTUAL CON EFECTOS DE SONIDO Y \r\nECUALIZADOR DE 10 BANDAS PROPORCIONANDO EXPERIENCIAS DE ALTA CALIDAD CON\r\n FUNCIONALIDAD Y CONVENIENCIA USB.<BR><DIV STYLE="TEXT-ALIGN: JUSTIFY;" CLASS="GALLERIA_WRAPPER">\r\n<DIV CLASS="GALLERIA_WRAPPER"><IMG STYLE="DISPLAY: BLOCK; MARGIN-LEFT: AUTO; MARGIN-RIGHT: AUTO;" CLASS="REPLACED" SRC="HTTP://WWW.MANHATTAN-PRODUCTS.COM/PRODUCT_IMAGES/9275-ADAPTADOR-DE-AUDIO-3-D-USB-DE-ALTA-VELOCIDAD/DETAIL/26669/IMAGE.JPG"></DIV>\r\n</DIV>\r\n\r\n<DIV STYLE="TEXT-ALIGN: JUSTIFY;" CLASS="GALLERIA_WRAPPER"><STRONG>CARACTERISTICAS PRINCIPALES</STRONG>:</DIV>\r\n<DIV CLASS="GALLERIA_WRAPPER">\r\n<UL><LI STYLE="LIST-STYLE-TYPE: DISC; TEXT-ALIGN: JUSTIFY;">CREA DE MANERA \r\nINSTANTáNEA UNA CONECTIVIDAD DE AUDIO A TRAVéS DEL PUERTO USB - IDEAL \r\nPARA COMPUTADORAS, PORTáTILES Y MINI PORTáTILES</LI><LI STYLE="LIST-STYLE-TYPE: DISC; TEXT-ALIGN: JUSTIFY;">MEJORA EL ACCESO, A LA TARJETA DE AUDIO O A LOS PUERTOS DE AUDIO Y ACTUALIZA EL DESEMPEñO DEL SONIDO DE LA PC</LI><LI STYLE="LIST-STYLE-TYPE: DISC; TEXT-ALIGN: JUSTIFY;">SOPORTA SONIDO AMBIENTAL 3-D Y 5.1 VIRTUAL E INCLUYE EFECTOS DE SONIDO PRE-ESTABLECIDOS CON ECUALIZADOR DE 10 BANDAS</LI><LI STYLE="LIST-STYLE-TYPE: DISC; TEXT-ALIGN: JUSTIFY;">INSTALACIóN SENCILLA USB QUE NO REQUIERE ALIMENTACIóN EXTERNA O DE SOFTWARE</LI><LI STYLE="LIST-STYLE-TYPE: DISC; TEXT-ALIGN: JUSTIFY;">PLUG AND PLAY, HOT SWAP - COMPATIBLE CON WINDOWS Y MAC</LI></UL>\r\n</DIV>', 100, '7.00', 'images/1/adaptadoraudio(05-12-2012_09-06-12-am).jpg', 1, 1),
(2, 'ADAPTADOR USB DE ALTA VELOCIDAD 2.0 A SATA/ IDE', '<P STYLE="TEXT-ALIGN: JUSTIFY;">EL ADAPTADOR USB DE ALTA VELOCIDAD 2.0 A\r\n SATA/ IDE MANHATTAN CON FUENTE DE ALIMENTACIóN CONECTA UNIDADES DE \r\nDISCO DURO SATA, SATA MEJORADO, IDE E IDE MEJORADO USANDO UN PUERTO USB.\r\n TRANSFIRIENDO Y COMPARTIENDO ARCHIVOS ENTRE LA COMPUTADORA, RESPALDANDO\r\n ARCHIVOS O TRANSFIRIéNDOLOS A UNIDADES EXTERNAS DE UNA MANERA RáPIDA Y \r\nFáCIL DE LOGRAR. FUNCIONANDO COMO PUENTE, EL ADAPTADOR PUEDE TRANSFERIR \r\nDATOS ENTRE UNIDADES EXTERNAS SATA E IDE INCLUSO CUANDO AMBOS ESTáN \r\nSIMULTáNEAMENTE CONECTADOS. ES COMPATIBLE CON TODOS LOS TIPOS DE \r\nUNIDADES DE HASTA 5.25" ?? INCLUYENDO UNIDADES DE COMPUTADORAS PORTáTILES\r\n DE 2.5" Y DE ESCRITORIO DE 3.5" ?? HACEN éSTA HERRAMIENTA MUY VERSáTIL \r\nPARA LOS PROFESIONALES Y PARA USUARIOS DE CASA.</P>\r\n<P STYLE="TEXT-ALIGN: JUSTIFY;">FáCILMENTE CONECTE UNIDADES IDE USANDO UN PUERTO USB<BR>DISCOS\r\n DUROS PUEDEN SER RáPIDAMENTE CONECTADAS USANDO LA MISMA CONEXIóN \r\nESTáNDAR Y POPULAR USB CON COMPONENTES PERIFéRICOS Y DISPOSITIVOS. EL \r\nADAPTADOR DE CORRIENTE INCLUIDO SOPORTA UNIDADES CON MAYORES \r\nREQUIERIMIENTOS DE USO.</P>\r\n<P STYLE="TEXT-ALIGN: JUSTIFY;">APROPIADO PARA PROFESIONALES Y PARA USUARIOS DE CASA<BR>CON\r\n EL CRECIMIENTO DE LA SEGURIDAD DE LOS DATOS LA RECUPERACIóN DE LOS \r\nMISMOS, EL ADAPTADOR USB DE ALTA VELOCIDAD 2.0 A SATA/IDE CON LA FUNCIóN\r\n DE RESPALDO DE UN SOLO TOQUE AYUDA A DUPLICAR, COPIA O TRANSFERIRI \r\nGRANDES VOLúMENES DE DATOS DE UNA UNIDAD A OTRA. FáCIL DE INSTALAR Y DE \r\nUSAR, SUS CAPACIDADES PLUG AND PLAY Y HOT-SWAP AYUDAN A PROPORCIONAR UN \r\nCONVENIENTE MéTODO DE TRANSFERENCIA, ALMACENAJE DE DATOS Y DE PRUEBA DE \r\nDISCOS DUROS.</P>\r\n<P STYLE="TEXT-ALIGN: JUSTIFY;">&NBSP;</P>\r\n<P STYLE="TEXT-ALIGN: JUSTIFY;"><STRONG>ESPECIFICACIONES</STRONG></P>\r\n<UL STYLE="TEXT-ALIGN: JUSTIFY;"><LI STYLE="LIST-STYLE-TYPE: DISC;">PROPORCIONA UN ACCESO RáPIDO A LOS DATOS EN UNIDADES IDE Y SATA CON FUNCIóN DE RESPALDO DE UN SOLO TOQUE</LI><LI STYLE="LIST-STYLE-TYPE: DISC;">TRANFIERE DATOS ENTRE UNIDADES EXTERNAS SATA E IDE CUANDO AMBOS ESTáN CONECTADOS DE MANERA SIMULTáNEA</LI><LI STYLE="LIST-STYLE-TYPE: DISC;">SOPORTA TASAS DE TRANSRFERENCIA EN SATA DE HASTA 1.5 GBPS Y DE 480 MBPS PARA USB DE ALTA VELOCIDAD 2.0</LI><LI STYLE="LIST-STYLE-TYPE: DISC;">SOPORTA LBA DE 48 BITS (DIRECCIONAMIENTO POR BLOQUE DE DIRECCIONES)</LI><LI STYLE="LIST-STYLE-TYPE: DISC;">SE AJUSTA A UNIDADES DE DISCO DURO SATA E IDE DE HASTA 5.25"</LI><LI STYLE="LIST-STYLE-TYPE: DISC;">PLUG AND PLAY - COMPATIBLE CON WINDOWS Y MAC - HOT SWAP</LI></UL>\r\n<P STYLE="TEXT-ALIGN: JUSTIFY;"><STRONG>&NBSP;ESTáNDARES Y CERTIFICACIONES</STRONG></P>\r\n<UL STYLE="TEXT-ALIGN: JUSTIFY;"><LI STYLE="LIST-STYLE-TYPE: DISC;">USB 2.0</LI><LI STYLE="LIST-STYLE-TYPE: DISC;">USB 1.1</LI><LI STYLE="LIST-STYLE-TYPE: DISC;">CUMPLE CON LOS ESTáNDARES ATA/ ATAOI-100 V1.0</LI><LI STYLE="LIST-STYLE-TYPE: DISC;">SATA 1.0A</LI><LI STYLE="LIST-STYLE-TYPE: DISC;">FCC</LI><LI STYLE="LIST-STYLE-TYPE: DISC;">CE\r\n<P>GENERAL</P>\r\n</LI><LI STYLE="LIST-STYLE-TYPE: DISC;">USB 2.0 TIPO A MACHO; SATA TIPO L MACHO; IDE 40 PINES; IDE 44 PINES</LI><LI STYLE="LIST-STYLE-TYPE: DISC;">INTERFACES USB DE ALTA VELOCIDAD 2.0</LI><LI STYLE="LIST-STYLE-TYPE: DISC;">TASA DE TRANSFERENCIA MáXIMA DE 480 MBPS</LI><LI STYLE="LIST-STYLE-TYPE: DISC;">SOPORTA UNIDADES SATA, SATA MEJORADO, IDE E IDE MEJORADO\r\n<P>ALIMENTACIóN</P>\r\n</LI><LI STYLE="LIST-STYLE-TYPE: DISC;">ENTRADA: 100 ?? 250 V AC; 50/60 HZ MáXIMO 0.5 A</LI><LI STYLE="LIST-STYLE-TYPE: DISC;">SALIDA: 5 V / 2 A; 12 V / 2 A\r\n<P>DISEñO</P>\r\n</LI><LI STYLE="LIST-STYLE-TYPE: DISC;">9.8 X 7 X 1.8 CM</LI><LI STYLE="LIST-STYLE-TYPE: DISC;">CABLES: USB, 76.2 CM; SATA, 10 CM; 4-PIN SATA CABLE DE ALIMENTACIóN EN Y, 76.2 CM; ALIMENTACIóN, 1.7 M</LI><LI STYLE="LIST-STYLE-TYPE: DISC;">PESO: 303 G CON FUENTE DE ALIMENTACIóN\r\n<P>REQUERIMIENTOS DEL SISTEMA</P>\r\n</LI><LI STYLE="LIST-STYLE-TYPE: DISC;">PUERTO USB DISPONIBLE</LI><LI STYLE="LIST-STYLE-TYPE: DISC;">WINDOWS 2000/XP/VISTA\r\n<P>CONTENIDO DEL PAQUETE</P>\r\n</LI><LI STYLE="LIST-STYLE-TYPE: DISC;">ADAPTADOR USB DE ALTA VELOCIDAD 2.0 A SATA/ IDE</LI><LI STYLE="LIST-STYLE-TYPE: DISC;">MANUAL DEL USUARIO Y CD CON SOFTWARE</LI></UL>', 100, '35.00', 'images/1/adaptadorsata(05-12-2012_09-10-36-am).jpg', 1, 1),
(3, 'CáMARA WEB DE ALTA DEFINICIóN 760 PRO ', '<STRONG>MANTéN EL CONTACTO Y LA VISIóN EN LA WEB<BR><BR></STRONG>¿LISTO PARA COMPARTIR EN ALTA DEFINICIóN? LA CáMARA WEB 760 PRO \r\nMANHATTAN MEJORA LAS COMUNICACIONES EN LíNEA, LA MENSAJERíA INSTANTáNEA,\r\n VOIP Y LAS REDES SOCIALES CON FOTOS Y VíDEO DE ALTA CALIDAD. CON UNA \r\nOPERACIóN SIMPLE Y SOFTWARE FáCIL DE USAR, SUS 12 MEGAPíXELES \r\n(INTERPOLADOS POR SOFTWARE) SU LENTE CMOS CAPTURA IMáGENES CLARAS Y \r\nNíTIDAS, VíDEO LIMPIO PARA COMPARTIR EN FORMATO DE PANTALLA AMPLIA EN \r\nALTA RESOLUCIóN DE HASTA 720P. CONTROLES DE BALANCE DE COLOR DE FORMA \r\nAUTOMáTICA, EXPOSICIóN Y BRILLO COMBINADOS CON LAS FUNCIONES DE ENFOQUE Y\r\n SEGUIMIENTO DE ROSTROS PERMITEN TOMAR FOTOS LISTAS PARA SUBIRSE A \r\nFACEBOOK, YOUTUBE, MYSPACE Y MáS. LOS EFECTOS ESPECIALES SOBRE LA IMAGEN\r\n AñADEN TOQUES PERSONALIZADOS A LA MISMA. UN MICRóFONO SENSITIVO CON \r\nRESPUESTA A FRECUENCIAS ESTABLE Y RANGO DINáMICO AñADE VOZ Y SONIDO A \r\nLAS GRABACIONES, ASEGURANDO LA CLARIDAD EN LAS COMUNICACIONES VOIP COMO \r\nSKYPE, WINDOWS LIVE, YAHOO!, AIM, GOOGLE TALK Y OTROS MENSAJEROS \r\nINSTANTáNEOS. COMPATIBLE CON WINDOWS Y MAC, INSTALACIóN PLUG AND PLAY, \r\nDISEñO COMPACTO Y CLIP UNIVERSAL QUE SE AJUSTA A LA MAYORíA DE LAS \r\nPORTáTILES Y MINI PORTáTILES PARA CONECTARTE RáPIDAMENTE EN ALTA \r\nDEFINICIóN CON AMIGOS Y FAMILIARES<BR><BR><P STYLE="TEXT-ALIGN: CENTER;"><STRONG>CARACTERíSTICAS PRINCIPALES:</STRONG></P>\r\n<UL><LI STYLE="LIST-STYLE-TYPE: DISC;">MEJORA LAS COMUNICACIONES EN LíNEA, MENSAJERíA INSTANTáNEA, VOIP Y REDES SOCIALES</LI><LI STYLE="LIST-STYLE-TYPE: DISC;">FáCILMENTE CAPTURA, GRABA Y COMPARTE FOTOS EN FORMATO AMPLIO EN HD Y VIDEO EN HASTA 720P ?? SúBELOS A FACEBOOK, YOUTUBE Y MáS</LI><LI STYLE="LIST-STYLE-TYPE: DISC;">RESOLUCIóN DE IMAGEN DE 12 MEGAPíXELES CON UN PODEROSO ZOOM DIGITAL DE 4X Y MICROFONO INCLUIDO</LI><LI STYLE="LIST-STYLE-TYPE: DISC;">ENFOQUE MANUAL, SEGUIMIENTO DE \r\nROSTROS, COLOR AUTOMáTICO, NIVELES DE EXPOSICIóN Y BRILLO MAXIMIZAN LA \r\nCLARIDAD EN CONDICIONES VARIABLES DE ILUMINACIóN</LI><LI STYLE="LIST-STYLE-TYPE: DISC;">PERSONALICE SUS CONVERSACIONES E IMáGENES CON EFECTOS DE CUADRO Y DE VíDEO</LI><LI STYLE="LIST-STYLE-TYPE: DISC;">BASE VERSáTIL CON CLIP Y MONTAJE MAGNéTICO IDEALES PARA COMPUTADORAS PORTáTILES, REGULARES Y MINI</LI><LI STYLE="LIST-STYLE-TYPE: DISC;">LISTA Y FáCIL DE USAR ?? INCLUYE SOFTWARE QUE SIMPLIFICA SU PUESTA EN MARCHA Y OPERACIóN</LI><LI STYLE="LIST-STYLE-TYPE: DISC;">INSTALACIóN "PLUG AND PLAY"; COMPATIBLE CON WINDOWS Y MAC</LI></UL>', 150, '25.00', 'images/1/camaraweb(05-12-2012_09-12-34-am).jpg', 1, 1),
(4, 'CASE MDC MODELO 2307 ', 'CASE MDC, TECLADO, MOUSE, BOCINA, FUENTE 500WT', 200, '35.00', 'images/1/case_mdc_modelo__4ea984841f215(05-12-2012_09-16-38-am).jpg', 2, 1),
(5, 'CORE I5 3.0GHZ (3330) ', '<P>PROCESADOR COREI 5 3.30 (3330)</P>\r\n<P>MOTHERBOARD BIOSTAR H61 MLV</P>\r\n<P>MEMORIA 2GB DDR3 KINGSTON</P>\r\n<P>DISCO DURO 320GB</P>\r\n<P>CASE MDC</P>\r\n<P>NO INCLUYE UNIDADES ÓPTICAS</P>', 125, '392.00', 'images/2/cpu_core_i5_3(05-12-2012_09-21-37-am).jpg', 3, 2),
(6, 'COREI 5 3.3GHZ (3550) ', '<P>PROCESADOR CORE I5 3.3GHZ</P>\r\n<P>MB BIOSTAR H61MLV</P>\r\n<P>2GB DDR3 KINGSTON</P>\r\n<P>DISCO DURO 320GB SATA</P>\r\n<P>CASE STARVIEW </P>\r\n<SPAN>NOTA: NO INCLUYE UNIDAD ÓPTICA O CD-ROM QUEMADOR DVD</SPAN>', 95, '416.00', 'images/2/core_i5_2.9_ghz__4edeef7f94b1f(05-12-2012_09-27-21-am).jpg', 3, 2),
(7, 'CORE I7/3.4GHZ 8MB - 3AGENERACION', '<UL><LI><SPAN STYLE="FONT-SIZE: 8PT; FONT-FAMILY: HELVETICA;">PROCESADOR COERI7 3.4GHZ (3770)</SPAN></LI><LI><SPAN STYLE="FONT-SIZE: 8PT; FONT-FAMILY: HELVETICA;">MB BIOSTAR H61MLV</SPAN></LI><LI><SPAN STYLE="FONT-SIZE: 8PT; FONT-FAMILY: HELVETICA;">2GB DDR3 KINGSTON</SPAN></LI><LI><SPAN STYLE="FONT-SIZE: 8PT; FONT-FAMILY: HELVETICA;">DISCO DURO 320 GB</SPAN></LI><LI><SPAN STYLE="FONT-SIZE: 8PT; FONT-FAMILY: HELVETICA;">KIT CASE</SPAN></LI></UL>\r\n<P><SPAN STYLE="FONT-SIZE: 8PT; FONT-FAMILY: HELVETICA;"><SPAN STYLE="FONT-SIZE: 8PT; FONT-FAMILY: HELVETICA;">** NO INCLUYE UNIDAD ÓPTICA CD-ROM O; QUEMADOR DVD **</SPAN></SPAN></P>', 125, '540.00', 'images/2/core_i7_3.4ghz(05-12-2012_09-31-00-am).jpg', 3, 2),
(8, 'DISCO DURO 1000GB SATA TOSHIBA', 'DISCO DURO 1000GB SATA TOSHIB						', 55, '84.00', 'images/3/disco_duro_120gb(05-12-2012_09-38-05-am).jpg', 4, 3),
(9, 'DISCO DURO LAPTOP SEAGATE/320GB SATA ', '<DIV>\r\n			<DIV STYLE="DISPLAY: BLOCK;" ID="P_DESCRIPTION" CLASS="VMJ_TABCONTENT">\r\n				<P><SPAN STYLE="COLOR: #000000;" COLOR="#FF6600"><B>DESCRIPCION<BR> </B></SPAN><BR><SPAN STYLE="COLOR: #000000;">\r\n LA UNIDAD DE DISCO DURO MOMENTUS® 5400.6 DE 320 GB DE SEAGATE® OFRECE \r\nLA MEJOR COMBINACIóN DE CAPACIDAD, MOVILIDAD Y DURABILIDAD PARA UNIDADES\r\n DE DISCO DE ORDENADORES PORTáTILES Y CUMPLE LOS EXIGENTES REQUISITOS DE\r\n LOS MODELOS PORTáTILES PARA USO MULTIMEDIA. CAPAZ DE RESISTIR GOLPES DE\r\n HASTA 1.000 GS, ESTA FIABLE UNIDAD DE 2,5 PULGADAS ES IDEAL PARA USO EN\r\n PORTáTILES O PARA APLICACIONES DE ALMACENAMIENTO EXTERNO. </SPAN><BR></P><P><SPAN STYLE="COLOR: #000000;" COLOR="#FF6600"><B>CARACTERISTICAS <BR> </B></SPAN></P>\r\n<UL><LI><SPAN STYLE="COLOR: RGB(0, 0, 0);"> <SPAN COLOR="#FF6600"></SPAN>LA TECNOLOGíA SMARTALIGN?? DE SEAGATE PROPORCIONA UNA TRANSICIóN A SECTORES DE 4 KB SIN NECESIDAD DE SOFTWARE.</SPAN></LI><LI><SPAN STYLE="COLOR: #000000;">LAS \r\nUNIDADES CON AUTOCIFRADO DE SEAGATE OFRECEN UN CIFRADO DE NIVEL \r\nGUBERNAMENTAL QUE NO AFECTAN AL RENDIMIENTO, PROTEGIENDO LOS DATOS EN EL\r\n LUGAR EN EL QUE SE ENCUENTRAN. LAS OPCIONES FIPS 140-2* CUENTAN CON LA \r\nCERTIFICACIóN DE GOBIERNO DEL NIST PARA SU USO EN ESTADOS UNIDOS Y \r\nCANADá CON DATOS CONFIDENCIALES</SPAN></LI><LI><SPAN STYLE="COLOR: #000000;">LA TECNOLOGíA G-FORCE PROTECTION?? DE \r\nSEAGATE PUEDE DETECTAR LAS CAíDAS DEL ORDENADOR PORTáTIL, LO QUE PERMITE\r\n COLOCAR LOS CABEZALES EN UN SITIO SEGURO Y MANTENER LOS DATOS A SALVO.</SPAN></LI><LI><SPAN STYLE="COLOR: #000000;"> <SPAN COLOR="#FF6600"></SPAN>VELOCIDADES\r\n DE 7.200 Y 5.400 RPM PARA UN RENDIMIENTO PERSONALIZADO Y TAMAñOS DE \r\nCACHé DE 8 Y 16 MB PARA MEJORAR EL RENDIMIENTO DE LA APLICACIóN</SPAN></LI><LI><SPAN STYLE="COLOR: #000000;"> <SPAN COLOR="#FF6600"></SPAN>MODELOS \r\nDE 750, 640, 500, 320, 250 Y 160 GB PARA UNIDADES DE 5.400 RPM QUE \r\nOFRECEN UNA ALTA CAPACIDAD A LOS SISTEMAS DE GAMA BáSICA Y USO GENERAL</SPAN></LI><LI><SPAN STYLE="COLOR: #000000;"> <SPAN COLOR="#FF6600"></SPAN>MODELOS DE 750, 500, 320, 250 Y 160 GB PARA UNIDADES DE 7.200 RPM PARA SISTEMAS DE GRAN CAPACIDAD Y ALTO RENDIMIENTO.</SPAN></LI></UL>\r\n<P><SPAN STYLE="COLOR: #000000;" COLOR="#FF6600"><B>ESPECIFICACIONES TECNICAS<BR> </B></SPAN></P>\r\n<UL><LI><SPAN STYLE="COLOR: #000000;"> <SPAN COLOR="#FF6600"></SPAN>NúMERO DE MODELO ST9320325AS</SPAN></LI><LI><SPAN STYLE="COLOR: #000000;"> <SPAN COLOR="#FF6600"></SPAN>INTERFAZ SATA 3GB / S</SPAN></LI><LI><SPAN STYLE="COLOR: #000000;"> <SPAN COLOR="#FF6600"></SPAN>CACHé DE 8 MB</SPAN></LI><LI><SPAN STYLE="COLOR: #000000;"> <SPAN COLOR="#FF6600"></SPAN>CAPACIDAD DE 320 GB </SPAN></LI><LI><SPAN STYLE="COLOR: #000000;"> <SPAN COLOR="#FF6600"></SPAN>DIMENSIONES: 9.5MM, 69.85MM, 100.35MM</SPAN></LI><LI><SPAN STYLE="COLOR: #000000;"> <SPAN COLOR="#FF6600"></SPAN>PESO 98.8G </SPAN></LI><LI><SPAN STYLE="COLOR: #000000;"> <SPAN COLOR="#FF6600"></SPAN>VELOCIDAD DE GIRO (RPM) 5400 RPM</SPAN></LI><LI><SPAN STYLE="COLOR: #000000;"> <SPAN COLOR="#FF6600"></SPAN>PROMEDIO DE LATENCIA 5.6MS</SPAN></LI><LI><SPAN STYLE="COLOR: #000000;"> <SPAN COLOR="#FF6600"></SPAN>TIEMPO DE BúSQUEDA DE LECTURA ALEATORIA 14.0MS </SPAN></LI><LI><SPAN STYLE="COLOR: #000000;"> <SPAN COLOR="#FF6600"></SPAN>DENSIDAD DE áREA (PROMEDIO) 394GB/IN2</SPAN></LI><LI><SPAN STYLE="COLOR: #000000;"> <SPAN COLOR="#FF6600"></SPAN>PORCENTAJE DE ERRORES ANUALES DEL 0,48%</SPAN></LI><LI><SPAN STYLE="COLOR: #000000;"> <SPAN COLOR="#FF6600"></SPAN>CORRIENTE MáXIMA DE INICIO DE 5 V, 1.0A</SPAN></LI></UL>						</DIV>\r\n		\r\n				\r\n</DIV>', 25, '78.00', 'images/3/disco_duro_lapto(05-12-2012_09-40-19-am).jpg', 5, 3),
(10, 'DISCO DURO EXTERNO 500GB ADATA', '<P STYLE="TEXT-ALIGN: LEFT;"><STRONG STYLE="TEXT-ALIGN: LEFT;">DESCRIPCIóN</STRONG></P>\r\n<P>ENTRANDO EN LA NUEVA ERA DE LA TRANSFERENCIA POR USB 3.0, EL CH11 ES \r\nUN DISCO DURO EXTERNO DE ALTA VELOCIDAD, ALTA CAPACIDAD, CUERPO COMPACTO\r\n Y ETIQUETAS DE IDENTIFICACIóN EXCLUSIVAS QUE HACE LOS DISCOS SEAN MS \r\nFáCILES DE ORGANIZAR Y PERSONALIZAR. LA CATEGORIZACIóN Y CLASIFICACIóN \r\nINTELIGENTE PASO A PASO HACE SU VIDA MS FáCIL.EL CH11 ES UNA ELECCIóN \r\nINICIAL ECONóMICA EN DISCOS DUROS EXTERNOS DE 2,5 PULGADAS.</P>\r\n<P><BR> <STRONG>CARACTERíSTICAS PRINCIPALES</STRONG></P>\r\n<P>VELOCIDAD DE TRANSFERENCIA TRES VECES MAS RáPIDO QUE USB 2.0, \r\nREDUCIENDO EL TIEMPO DE TRANSMISIóN EN UN 70% ETIQUETE A SU GUSTO \r\nCAPACIDAD: 500 GB DIMENSIONES: 120 X 81.5 X 21MM ACCESORIOS: CABLE USB \r\n3.0 PESO: 186G <B><BR></B></P><P><B>ESPECIFICACIONES TéCNICAS</B><FONT COLOR="RGB(0, 0, 0)"><BR></FONT></P><UL><LI><FONT COLOR="RGB(0, 0, 0)"></FONT>CAPACIDAD 500 GB.</LI></UL><UL><LI> COLOR NEGRO, BLANCO Y ROSA</LI><LI> DIMENSIONES 120 X 81.5 X 21MM</LI><LI> PESO 189G</LI><LI> INTERFACE SUPERSPEED USB 3.0</LI><LI> ACCESORIOS CABLE USB 3.0</LI></UL>', 85, '78.00', 'images/3/disco_duro_exter(05-12-2012_09-42-35-am).jpg', 6, 3),
(11, 'MONITOR LCD 18.5 SAMSUNG - S19A10N ', '<DIV CLASS="S275_SPECFIRSTBOX">\r\n<H3>DISPLAY</H3>\r\n<UL><LI>TAMAñO DE PANTALLA DE 18.5" DE ANCHO</LI><LI>BRILLO DE 200 CD/M²</LI><LI>RELACIóN DE CONTRASTE DINáMICO DE 700 : 1</LI><LI>RESOLUCIóN DE PANTALLA 1366 X 768</LI><LI>TIEMPO DE RESPUESTA: 5 MS</LI><LI>ÁNGULO DE VISIóN DE 170° / 160° (CR &GT; 10)</LI><LI>ADMITE 16.7 MILLONES DE COLORES</LI></UL>\r\n<H3>CARACTERíSTICAS</H3>\r\n<UL><LI>CONECTAR Y USAR DDC 2B</LI><LI>COMPATIBILIDAD CON MAC DISPONIBLE</LI></UL>\r\n<H3>BASE</H3>\r\n<UL><LI>SOPORTE SIMPLE</LI><LI>SOPORTE INCLINABLE</LI></UL>\r\n<DIV CLASS="S275_SPECFIRSTBOX">\r\n<H3>ENTRADA DE SEñAL</H3><UL><LI>\r\nSEñALES DE VIDEO RGB ANALóGICAS\r\n</LI></UL><H3 CLASS="_MCE_TAGGED_BR">ENERGíA</H3>\r\n<UL><LI>CONSUMO DE ENERGíA DE 26 VATIOS</LI><LI>CONSUMO DE ENERGíA EN MODO DE ESPERA BAJO 0.3 VATIOS</LI></UL>\r\n</DIV>\r\n</DIV>', 143, '100.00', 'images/4/monitor_lcd_18.5_4(05-12-2012_09-45-22-am).jpg', 7, 4),
(12, 'MONITOR LCD 20" DELL ', 'MONITOR 20" LCD DELL						', 55, '124.00', 'images/4/monitor_lcd_20(05-12-2012_09-46-48-am).jpg', 8, 4),
(13, 'MONITOR LED 23" AOC', 'MONITOR LED  23" AOC						', 35, '175.00', 'images/4/monitor_led__23(05-12-2012_09-48-25-am).jpg', 9, 4),
(14, 'MB BIOSTAR B75MU3', '<TABLE ID="SPEC" ALIGN="CENTER" BORDER="1" CELLPADDING="5" CELLSPACING="0"><TBODY><TR><TD STYLE="BORDER-COLOR: #CCCCCC;" BGCOLOR="#F1F1F1" WIDTH="200"><SPAN STYLE="COLOR: #075FA7;" COLOR="#075FA7">CHIPSET</SPAN></TD>\r\n<TD STYLE="BORDER-COLOR: #CCCCCC;" VALIGN="MIDDLE" WIDTH="645">\r\n<UL><LI>INTEL B75</LI></UL>\r\n</TD>\r\n</TR>\r\n<TR>\r\n<TD STYLE="BORDER-COLOR: #CCCCCC;" BGCOLOR="#F1F1F1" WIDTH="200"><SPAN STYLE="COLOR: #075FA7;" COLOR="#075FA7">CPU SUPPORT</SPAN></TD>\r\n<TD STYLE="BORDER-COLOR: #CCCCCC;" VALIGN="MIDDLE" WIDTH="645">\r\n<UL><LI>INTEL® CORE I7 LGA 1155 PROCESSOR</LI><LI>INTEL® CORE I5 LGA 1155 PROCESSOR</LI><LI>INTEL® CORE I3 LGA 1155 PROCESSOR</LI><LI>INTEL® PENTIUM® LGA 1155 PROCESSOR</LI><LI>MAXIMUM CPU TDP (THERMAL DESIGN POWER) : 95WATT</LI></UL>\r\n</TD>\r\n</TR>\r\n<TR>\r\n<TD STYLE="BORDER-COLOR: #CCCCCC;" BGCOLOR="#F1F1F1" WIDTH="200"><SPAN STYLE="COLOR: #075FA7;" COLOR="#075FA7">MEMORY</SPAN></TD>\r\n<TD STYLE="BORDER-COLOR: #CCCCCC;" VALIGN="MIDDLE" WIDTH="645">\r\n<UL><LI>SUPPORT DUAL CHANNEL DDR3 1600/1333/1066 MHZ</LI><LI>4 X DDR3 DIMM MEMORY SLOT</LI><LI>MAX. SUPPORTS UP TO 32GB MEMORY</LI></UL>\r\n</TD>\r\n</TR>\r\n<TR>\r\n<TD STYLE="BORDER-COLOR: #CCCCCC;" BGCOLOR="#F1F1F1" WIDTH="200"><SPAN STYLE="COLOR: #075FA7;" COLOR="#075FA7">EXPANSION SLOT</SPAN></TD>\r\n<TD STYLE="BORDER-COLOR: #CCCCCC;" VALIGN="MIDDLE" WIDTH="645">\r\n<UL><LI>1 X PCI-E X16 3.0 SLOT (SUPPORTED BY CORE I5 -3XXX / CORE I7 3XXX CPU)</LI><LI>1 X PCI-E X1 2.0 SLOT</LI><LI>2 X PCI SLOTS</LI></UL>\r\n</TD>\r\n</TR>\r\n<TR>\r\n<TD STYLE="BORDER-COLOR: #CCCCCC;" BGCOLOR="#F1F1F1" WIDTH="200"><SPAN STYLE="COLOR: #075FA7;" COLOR="#075FA7">STORAGE</SPAN></TD>\r\n<TD STYLE="BORDER-COLOR: #CCCCCC;" VALIGN="MIDDLE" WIDTH="645">\r\n<UL><LI>1 X SATA3 6GB/S CONNECTOR</LI><LI>5 X SATA2 3GB/S CONNECTOR</LI></UL>\r\n</TD>\r\n</TR>\r\n<TR>\r\n<TD STYLE="BORDER-COLOR: #CCCCCC;" BGCOLOR="#F1F1F1" WIDTH="200"><SPAN STYLE="COLOR: #075FA7;" COLOR="#075FA7">USB</SPAN></TD>\r\n<TD STYLE="BORDER-COLOR: #CCCCCC;" VALIGN="MIDDLE" WIDTH="645">\r\n<UL><LI>2 X USB 3.0 PORT</LI><LI>1 X USB 3.0 HEADER</LI><LI>2 X USB 2.0 PORT</LI><LI>2 X USB 2.0 HEADER</LI><LI>INTEL USB3.0 ONLY SUPPORT WIN7 OR LATER VERSION</LI></UL>\r\n</TD>\r\n</TR>\r\n<TR>\r\n<TD STYLE="BORDER-COLOR: #CCCCCC;" BGCOLOR="#F1F1F1" WIDTH="200"><SPAN STYLE="COLOR: #075FA7;" COLOR="#075FA7">GBE</SPAN></TD>\r\n<TD STYLE="BORDER-COLOR: #CCCCCC;" VALIGN="MIDDLE" WIDTH="645">\r\n<UL><LI>REALTEK RTL8111F - 10/100/1000 CONTROLLER</LI></UL>\r\n</TD>\r\n</TR>\r\n<TR>\r\n<TD STYLE="BORDER-COLOR: #CCCCCC;" BGCOLOR="#F1F1F1" WIDTH="200"><SPAN STYLE="COLOR: #075FA7;" COLOR="#075FA7">INTEGRATED VIDEO</SPAN></TD>\r\n<TD STYLE="BORDER-COLOR: #CCCCCC;" VALIGN="MIDDLE" WIDTH="645">\r\n<UL><LI>BY CPU MODEL</LI><LI>SUPPORTS DX11</LI><LI>SUPPORTS HDCP</LI></UL>\r\n</TD>\r\n</TR>\r\n<TR>\r\n<TD STYLE="BORDER-COLOR: #CCCCCC;" BGCOLOR="#F1F1F1" WIDTH="200"><SPAN STYLE="COLOR: #075FA7;" COLOR="#075FA7">CODEC</SPAN></TD>\r\n<TD STYLE="BORDER-COLOR: #CCCCCC;" VALIGN="MIDDLE" WIDTH="645">\r\n<UL><LI>REALTEK ALC662 6-CHANNEL HD AUDIO</LI></UL>\r\n</TD>\r\n</TR>\r\n<TR>\r\n<TD STYLE="BORDER-COLOR: #CCCCCC;" BGCOLOR="#F1F1F1" WIDTH="200"><SPAN STYLE="COLOR: #075FA7;" COLOR="#075FA7">REAR I/O</SPAN></TD>\r\n<TD STYLE="BORDER-COLOR: #CCCCCC;" VALIGN="MIDDLE" WIDTH="645">\r\n<UL><LI>1 X PS/2 MOUSE</LI><LI>2 X USB 3.0 PORT</LI><LI>2 X USB 2.0 PORT</LI><LI>1 X HDMI CONNECTOR</LI><LI>1 X DVI CONNECTOR</LI><LI>1 X VGA PORT</LI><LI>1 X RJ-45 PORT</LI><LI>3 X AUDIO CONNECTOR</LI></UL>\r\n</TD>\r\n</TR>\r\n<TR>\r\n<TD STYLE="BORDER-COLOR: #CCCCCC;" BGCOLOR="#F1F1F1" WIDTH="200"><SPAN STYLE="COLOR: #075FA7;" COLOR="#075FA7">INTERNAL I/O</SPAN></TD>\r\n<TD STYLE="BORDER-COLOR: #CCCCCC;" VALIGN="MIDDLE" WIDTH="645">\r\n<UL><LI>1 X PRINTER HEADER</LI><LI>1 X USB 3.0 HEADER</LI><LI>2 X USB 2.0 HEADER</LI><LI>1 X SATA3 6GB/S CONNECTOR</LI><LI>5 X SATA2 3GB/S CONNECTOR</LI><LI>1 X FRONT AUDIO HEADER</LI><LI>1 X FRONT PANEL HEADER</LI><LI>1 X S/PDIF-OUT HEADER</LI><LI>1 X CPU FAN HEADER</LI><LI>1 X SYSTEM FAN HEADER</LI><LI>1 X SERIAL HEADER</LI><LI>1 X CIR HEADER</LI></UL>\r\n</TD>\r\n</TR>\r\n<TR>\r\n<TD STYLE="BORDER-COLOR: #CCCCCC;" BGCOLOR="#F1F1F1" WIDTH="200"><SPAN STYLE="COLOR: #075FA7;" COLOR="#075FA7">DIMENSION</SPAN></TD>\r\n<TD STYLE="BORDER-COLOR: #CCCCCC;" VALIGN="MIDDLE" WIDTH="645">\r\n<UL><LI>MICRO ATX FORM FACTOR DIMENSION: 24.4CM X 22CM ( W X L )</LI></UL>\r\n</TD>\r\n</TR>\r\n<TR>\r\n<TD STYLE="BORDER-COLOR: #CCCCCC;" BGCOLOR="#F1F1F1" WIDTH="200"><SPAN STYLE="COLOR: #075FA7;" COLOR="#075FA7">OS SUPPORT</SPAN></TD>\r\n<TD STYLE="BORDER-COLOR: #CCCCCC;" VALIGN="MIDDLE" WIDTH="645">\r\n<UL><LI>SUPPORT WINDOWS XP / VISTA / 7</LI></UL>\r\n</TD>\r\n</TR>\r\n<TR>\r\n<TD STYLE="BORDER-COLOR: #CCCCCC;" BGCOLOR="#F1F1F1" WIDTH="200"><SPAN STYLE="COLOR: #075FA7;" COLOR="#075FA7">ACCESSORIES</SPAN></TD>\r\n<TD STYLE="BORDER-COLOR: #CCCCCC;" VALIGN="MIDDLE" WIDTH="645">\r\n<UL><LI>2 X SATA CABLE</LI><LI>1 X I/O SHIELD</LI><LI>1 X DVD DRIVER</LI><LI>1 X QUICK GUIDE</LI></UL>\r\n</TD>\r\n</TR>\r\n<TR>\r\n<TD STYLE="BORDER-COLOR: #CCCCCC;" BGCOLOR="#F1F1F1" WIDTH="200"><SPAN STYLE="COLOR: #075FA7;" COLOR="#075FA7">FEATURES</SPAN></TD>\r\n<TD STYLE="BORDER-COLOR: #CCCCCC;" VALIGN="MIDDLE" WIDTH="645">\r\n<UL><LI>SUPPORTS BIO-REMOTE2</LI><LI>SUPPORTS BIO-REMOTE</LI><LI>SUPPORTS 100% SOLID CAPACITOR</LI><LI>SUPPORTS CHARGER BOOSTER</LI><LI>SUPPORTS BIOS ONLINE UPDATE</LI></UL></TD></TR></TBODY></TABLE>', 75, '75.00', 'images/5/m20120314_2(05-12-2012_09-50-54-am).jpg', 10, 5),
(15, 'MB BIOSTAR G41D3C 775/DDR3', '<P>G41D3C VERSIóN 7.</P>\r\n<P>OPORTE DE CPU</P>\r\n<P><BR> * INTEL ® CORE 2 QUAD<BR> * INTEL ® CORE 2 DUO<BR> * INTEL ® PENTIUM ® DUAL-CORE<BR> * INTEL ® CELERON ® DE DOBLE NúCLEO<BR> * INTEL ® CELERON ® D<BR> * INTEL ® CELERON ® SECUENCIA 400<BR> * MáXIMA DE LA CPU TDP (THERMAL DESIGN POWER): 95WATT<BR> <BR> FSB<BR> * SOPORTE FSB 1333/1066/800/533MHZ<BR> <BR> MEMORIA<BR> * SOPORTE DUAL CHANNEL DDR3 1333 (OC) / 1066 / 800 MHZ<BR> * 2 X DDR3 DIMM RANURA DE MEMORIA<BR> * MAX. SOPORTA HASTA 8GB DE MEMORIA<BR> NOTA: CPU FSB800 SóLO SOPORTE PARA DDR3-800<BR> <BR> RANURA DE EXPANSIóN<BR> * 1 X PCI SLOTS<BR> * 1 X PCI-E X1 SLOT<BR> * 1 X PCI-E X16<BR> <BR> ALMACENAMIENTO<BR> * 2 X SATA2 3GB / S CONECTOR<BR> * 1 X CONECTOR IDE<BR> <BR> USB<BR> * 4 PUERTOS USB 2.0<BR> * 2 X USB 2.0 HEADER<BR> <BR> LAN<BR> * ATHEROS AR8158 - 10/100 CONTROLLER<BR> <BR> VIDEO INTEGRADO<BR> * INTEGRADOS INTEL GRAPHICS MEDIA ACCELERATOR X4500. (INTEL ® X4500)<BR> * PIXEL SHADER 4.0, DIRECTX 10<BR> * SOPORTA RGB CON UN MáX. RESOLUCIóN DE 2048 X 1536 @ 75HZ<BR> * MAX. 1759MB DE MEMORIA COMPARTIDA *<BR>\r\n * EL TAMAñO MáXIMO DE MEMORIA COMPARTIDA SóLO ESTARá DISPONIBLE CUANDO \r\nLA MEMORIA DE 4 GB O MáS INSTALADO EN LA PLACA BASE EN LOS SISTEMAS \r\nOPERATIVOS DE 64 BITS.<BR> <BR> CODEC<BR> * VIA VT1708B DE 6 CANALES DE AUDIO HD</P>', 110, '52.00', 'images/5/b20110110(05-12-2012_09-51-44-am).jpg', 10, 5),
(16, 'MB INTEL DH61CR 1155', '<DIV CLASS="COMPONENT">\r\n<P>ES POSIBLE AHORA OBTENER UN DESEMPEñO MáS INTELIGENTE Y UNA \r\nEXPERIENCIA VISUAL FLUIDA CON LA DESKTOP BOARD INTEL® DH61CR BASADA EN \r\nEL CHIPSET INTEL® H61 EXPRESS Y EL SOPORTE DE LA FAMILIA DE PROCESADORES\r\n INTEL® CORE DE SEGUNDA GENERACIóN, INCLUIDOS LOS PROCESADORES INTEL® \r\nCORE I7 E INTEL® CORE I5 Y OTROS PROCESADORES INTEL® EN EL ENCAPSULADO\r\n LGA1155.</P>\r\n<P>ESTA BOARD OFRECE UN DESEMPEñO VISUAL ASOMBROSO CON IMáGENES MáS \r\nNíTIDAS, COLORES MáS RICOS Y VIDEOS SUMAMENTE VíVIDOS, DADO QUE CUENTA \r\nCON PUERTOS DVI-D Y VGA QUE ADMITEN UNA VISUALIZACIóN DOBLE Y FLEXIBLE \r\nPARA PROCESADORES CON GRáFICOS INTEL® HD.</P>\r\n<P>LA DESKTOP BOARD INTEL DH61CR CUENTA CON CERTIFICACIóN PARA MICROSOFT WINDOWS* 7 ULTIMATE.</P>\r\n<P STYLE="TEXT-ALIGN: LEFT;"><STRONG>CARACTERíSTICAS Y CONFIGURACIONES</STRONG></P>\r\n</DIV>\r\n\r\n\r\n<TABLE STYLE="WIDTH: 568PX;" BORDER="0" CELLPADDING="0" CELLSPACING="0"><TBODY><TR>\r\n<TD HEIGHT="5"><BR></TD>\r\n</TR>\r\n<TR>\r\n<TD CLASS="V3LIST">\r\n<DIV>\r\n<TABLE STYLE="WIDTH: 100%;" ALIGN="ALIGN" BORDER="0" CELLPADDING="0" CELLSPACING="0">\r\n<TBODY>\r\n<TR>\r\n<TD>\r\n<TABLE STYLE="WIDTH: 520PX; HEIGHT: 603PX;" ALIGN="ALIGN" BORDER="0" CELLPADDING="0" CELLSPACING="0">\r\n<TBODY>\r\n<TR BGCOLOR="#E6E6E6">\r\n<TD CLASS="V3COMPAREPAD2" COLSPAN="COLSPAN" ROWSPAN="ROWSPAN" HEIGHT="HEIGHT" VALIGN="TOP" WIDTH="35%"><B>FORMATO</B></TD>\r\n<TD CLASS="V3COMPAREPAD3" COLSPAN="COLSPAN" ROWSPAN="ROWSPAN" HEIGHT="HEIGHT" VALIGN="TOP" WIDTH="WIDTH">MICROATX</TD>\r\n</TR>\r\n<TR BGCOLOR="#FFFFFF">\r\n<TD CLASS="V3COMPAREPAD2" COLSPAN="COLSPAN" ROWSPAN="ROWSPAN" HEIGHT="HEIGHT" VALIGN="TOP" WIDTH="WIDTH"><B>AA# (</B> <A HREF="HTTP://WWW.INTEL.COM/SUPPORT/MOTHERBOARDS/DESKTOP/SB/CS-009008.HTM" TARGET="_BLANK"> <B>MONTAJE </B> <NOBR> <B>ALTERADO</B><IMG SRC="HTTP://CACHE-WWW.INTEL.COM/PLT/CD/INENGLISH_I_ITA.GIF" ALT="ALT" BORDER="0" HEIGHT="9" WIDTH="9"></NOBR> </A> <B>)</B></TD>\r\n<TD CLASS="V3COMPAREPAD3" COLSPAN="COLSPAN" ROWSPAN="ROWSPAN" HEIGHT="HEIGHT" VALIGN="TOP" WIDTH="WIDTH">G14064-XXX</TD>\r\n</TR>\r\n<TR BGCOLOR="#E6E6E6">\r\n<TD CLASS="V3COMPAREPAD2" COLSPAN="COLSPAN" ROWSPAN="ROWSPAN" HEIGHT="HEIGHT" VALIGN="TOP" WIDTH="WIDTH"><B>CADENA DE ID DE BIOS</B></TD>\r\n<TD CLASS="V3COMPAREPAD3" COLSPAN="COLSPAN" ROWSPAN="ROWSPAN" HEIGHT="HEIGHT" VALIGN="TOP" WIDTH="WIDTH">BEH6110H.86A</TD>\r\n</TR>\r\n<TR BGCOLOR="#FFFFFF">\r\n<TD CLASS="V3COMPAREPAD2" COLSPAN="COLSPAN" ROWSPAN="ROWSPAN" HEIGHT="HEIGHT" VALIGN="TOP" WIDTH="WIDTH"><B>PROCESADOR</B></TD>\r\n<TD CLASS="V3COMPAREPAD3" COLSPAN="COLSPAN" ROWSPAN="ROWSPAN" HEIGHT="HEIGHT" VALIGN="TOP" WIDTH="WIDTH">EN EL LANZAMIENTO DEL PRODUCTO, ESTA PLACA PARA EQUIPOS DE SOBREMESA ES COMPATIBLE CON:\r\n<UL CLASS="U3LIST"><LI>EL <A HREF="HTTP://WWW.INTEL.COM/ES_ES/PRODUCTS/PROCESSOR/COREI7/INDEX.HTM">PROCESADOR INTEL® CORE I7</A> EN ZóCALO LGA1155</LI><LI>EL <A HREF="HTTP://WWW.INTEL.COM/ES_ES/PRODUCTS/PROCESSOR/COREI5/INDEX.HTM">PROCESADOR INTEL® CORE I5</A> EN ZóCALO LGA1155</LI><LI>EL <A HREF="HTTP://WWW.INTEL.COM/ES_ES/PRODUCTS/PROCESSOR/COREI3/INDEX.HTM">PROCESADOR INTEL® CORE 3</A> EN ZóCALO LGA1155</LI></UL>\r\n<OL CLASS="V3LIST"><LI><A HREF="HTTP://PROCESSORMATCH.INTEL.COM/COMPDB/SEARCHRESULT.ASPX?BOARDNAME=DH61CR" TARGET="_BLANK"><B>VEA TODOS LOS NúMEROS DE PROCESADOR INTEL® </B><NOBR><B>COMPATIBLES</B><IMG SRC="HTTP://CACHE-WWW.INTEL.COM/PLT/CD/INENGLISH_I_ITA.GIF" ALT="ALT" BORDER="0" HEIGHT="9" WIDTH="9"></NOBR></A></LI></OL></TD>\r\n</TR>\r\n<TR BGCOLOR="#E6E6E6">\r\n<TD CLASS="V3COMPAREPAD2" COLSPAN="COLSPAN" ROWSPAN="ROWSPAN" HEIGHT="HEIGHT" VALIGN="TOP" WIDTH="WIDTH"><B>MEMORIA</B></TD>\r\n<TD CLASS="V3COMPAREPAD3" COLSPAN="COLSPAN" ROWSPAN="ROWSPAN" HEIGHT="HEIGHT" VALIGN="TOP" WIDTH="WIDTH">\r\n<UL CLASS="U3LIST"><LI>DOS ZóCALOS <A HREF="HTTP://WWW.INTEL.COM/TECHNOLOGY/MEMORY/INDEX.HTM" TARGET="_BLANK">DDR3<NOBR><IMG SRC="HTTP://CACHE-WWW.INTEL.COM/PLT/CD/INENGLISH_I_ITA.GIF" ALT="ALT" BORDER="0" HEIGHT="9" WIDTH="9"></NOBR></A> SDRAM DIMM DE 240 PINES</LI><LI>COMPATIBILIDAD PARA DIMMS DDR3 DE 1333/1066 MHZ</LI><LI>COMPATIBILIDAD HASTA CON 8 GB<SUP>1</SUP> DE <A HREF="HTTP://SUPPORT.INTEL.COM/SUPPORT/MOTHERBOARDS/DESKTOP/DH61CR/SB/CS-032158.HTM" TARGET="_BLANK">MEMORIA DEL <NOBR>SISTEMA<IMG SRC="HTTP://CACHE-WWW.INTEL.COM/PLT/CD/INENGLISH_I_ITA.GIF" ALT="ALT" BORDER="0" HEIGHT="9" WIDTH="9"></NOBR></A></LI></UL>\r\n</TD>\r\n</TR>\r\n<TR BGCOLOR="#FFFFFF">\r\n<TD CLASS="V3COMPAREPAD2" COLSPAN="COLSPAN" ROWSPAN="ROWSPAN" HEIGHT="HEIGHT" VALIGN="TOP" WIDTH="WIDTH"><B>CHIPSET</B></TD>\r\n<TD CLASS="V3COMPAREPAD3" COLSPAN="COLSPAN" ROWSPAN="ROWSPAN" HEIGHT="HEIGHT" VALIGN="TOP" WIDTH="WIDTH">\r\n<UL CLASS="U3LIST"><LI><A HREF="HTTP://WWW.INTEL.COM/CD/PRODUCTS/SERVICES/EMEA/SPA/CHIPSETS/EC-H61/OVERVIEW/INDEX.HTM">CHIPSET INTEL® H61 EXPRESS</A></LI></UL>\r\n</TD>\r\n</TR>\r\n<TR BGCOLOR="#E6E6E6">\r\n<TD CLASS="V3COMPAREPAD2" COLSPAN="COLSPAN" ROWSPAN="ROWSPAN" HEIGHT="HEIGHT" VALIGN="TOP" WIDTH="WIDTH"><B>SONIDO</B></TD>\r\n<TD CLASS="V3COMPAREPAD3" COLSPAN="COLSPAN" ROWSPAN="ROWSPAN" HEIGHT="HEIGHT" VALIGN="TOP" WIDTH="WIDTH">SUBSISTEMA CON <A HREF="HTTP://WWW.INTEL.COM/DESIGN/CHIPSETS/HDAUDIO.HTM" TARGET="_BLANK">SONIDO INTEL® DE ALTA <NOBR>DEFINICIóN<IMG SRC="HTTP://CACHE-WWW.INTEL.COM/PLT/CD/INENGLISH_I_ITA.GIF" ALT="ALT" BORDER="0" HEIGHT="9" WIDTH="9"></NOBR></A>?<SUP>2</SUP>EN LA CONFIGURACIóN SIGUIENTE:\r\n<UL CLASS="U3LIST"><LI>SUBSISTEMA DE AUDIO DE 6 (5.1) CANALES CON TRES SALIDAS DE AUDIO ANALóGICO UTILIZANDO EL CODEC DE AUDIO REALTEK ALC892*</LI></UL>\r\n</TD>\r\n</TR>\r\n<TR BGCOLOR="#FFFFFF">\r\n<TD CLASS="V3COMPAREPAD2" COLSPAN="COLSPAN" ROWSPAN="ROWSPAN" HEIGHT="HEIGHT" VALIGN="TOP" WIDTH="WIDTH"><B>GRáFICOS</B></TD>\r\n<TD CLASS="V3COMPAREPAD3" COLSPAN="COLSPAN" ROWSPAN="ROWSPAN" HEIGHT="HEIGHT" VALIGN="TOP" WIDTH="WIDTH">CONECTORES DVI-D Y VGA PARA PROCESADORES CON GRáFICOS INTEL® HD</TD>\r\n</TR>\r\n<TR BGCOLOR="#E6E6E6">\r\n<TD CLASS="V3COMPAREPAD2" COLSPAN="COLSPAN" ROWSPAN="ROWSPAN" HEIGHT="HEIGHT" VALIGN="TOP" WIDTH="WIDTH"><B>COMPATIBILIDAD CON LAN</B></TD>\r\n<TD CLASS="V3COMPAREPAD3" COLSPAN="COLSPAN" ROWSPAN="ROWSPAN" HEIGHT="HEIGHT" VALIGN="TOP" WIDTH="WIDTH">SUBSISTEMA LAN GIGABIT (10/100/1000 MBITS/SEG.) UTILIZANDO LA CONTROLADORA ETHERNET GIGABIT INTEL® 82579V</TD>\r\n</TR>\r\n<TR BGCOLOR="#FFFFFF">\r\n<TD CLASS="V3COMPAREPAD2" COLSPAN="COLSPAN" ROWSPAN="ROWSPAN" HEIGHT="HEIGHT" VALIGN="TOP" WIDTH="WIDTH"><B>INTERFACES PARA PERIFéRICOS</B></TD>\r\n<TD CLASS="V3COMPAREPAD3" COLSPAN="COLSPAN" ROWSPAN="ROWSPAN" HEIGHT="HEIGHT" VALIGN="TOP" WIDTH="WIDTH">\r\n<UL CLASS="U3LIST"><LI>HASTA DIEZ PUERTOS <A HREF="HTTP://WWW.INTEL.COM/TECHNOLOGY/USB/INDEX.HTM" TARGET="_BLANK">USB <NOBR>2.0<IMG SRC="HTTP://CACHE-WWW.INTEL.COM/PLT/CD/INENGLISH_I_ITA.GIF" ALT="ALT" BORDER="0" HEIGHT="9" WIDTH="9"></NOBR></A></LI><LI>CUATRO PUERTOS <A HREF="HTTP://WWW.INTEL.COM/TECHNOLOGY/SERIALATA/INDEX.HTM" TARGET="_BLANK">SERIAL <NOBR>ATA&NBSP;<IMG SRC="HTTP://CACHE-WWW.INTEL.COM/PLT/CD/INENGLISH_I_ITA.GIF" ALT="ALT" BORDER="0" HEIGHT="9" WIDTH="9"></NOBR></A> DE 3,0 GB/SEG.</LI><LI>UN COLECTOR SERIE</LI><LI>UN PUERTO PARALELO</LI></UL>\r\n</TD>\r\n</TR>\r\n<TR BGCOLOR="#E6E6E6">\r\n<TD CLASS="V3COMPAREPAD2" COLSPAN="COLSPAN" ROWSPAN="ROWSPAN" HEIGHT="HEIGHT" VALIGN="TOP" WIDTH="WIDTH"><B>POSIBILIDADES DE AMPLIACIóN</B></TD>\r\n<TD CLASS="V3COMPAREPAD3" COLSPAN="COLSPAN" ROWSPAN="ROWSPAN" HEIGHT="HEIGHT" VALIGN="TOP" WIDTH="WIDTH">\r\n<UL CLASS="U3LIST"><LI>UN PUERTO CON CONECTOR DE PLACA ADICIONAL DE BUS <A HREF="HTTP://WWW.INTEL.COM/TECHNOLOGY/PCIEXPRESS/DEVNET/INDEX.HTM" TARGET="_BLANK">PCI <NOBR>EXPRESS<IMG SRC="HTTP://CACHE-WWW.INTEL.COM/PLT/CD/INENGLISH_I_ITA.GIF" ALT="ALT" BORDER="0" HEIGHT="9" WIDTH="9"></NOBR></A>* 2.0 X16</LI><LI>DOS CONECTORES PCI EXPRESS 2.0 X 1</LI><LI>UN CONECTOR DE BUS PCI CONVENTIONAL</LI></UL></TD></TR></TBODY></TABLE></TD></TR></TBODY></TABLE></DIV></TD></TR></TBODY></TABLE>', 75, '80.00', 'images/5/mb_intel_dh61cr(05-12-2012_09-53-09-am).jpg', 3, 5),
(17, 'CELERON 2.6 GHZ SB', 'CELERON SB 2.6 GHZ SB 115						', 110, '54.00', 'images/6/celeron_sb_2.5(05-12-2012_09-57-28-am).jpg', 3, 6),
(18, 'CELERON SB 1.8 GHZ/1155', '<H2 STYLE="TEXT-ALIGN: CENTER;"> ESPECIFICACIONES</H2>\r\n<DIV ID="INFOSECTIONESSENTIALS" CLASS="INNERNAVPANEL">\r\n<TABLE CLASS="SPECS INFOTABLE">\r\n<TBODY>\r\n<TR STYLE="DISPLAY: TABLE-ROW;" CLASS="INFOSECTION">\r\n<TD STYLE="BACKGROUND-IMAGE: NONE; WIDTH: 70%;" COLSPAN="2">ESSENTIALS</TD>\r\n</TR>\r\n<TR CLASS="EVEN ODD" ID="LAUNCHED">\r\n<TD STYLE="WIDTH: 70%;">\r\n<DIV CLASS="L">ESTADO</DIV>\r\n</TD>\r\n<TD STYLE="BACKGROUND-IMAGE: NONE; WIDTH: 30%;">LAUNCHED</TD>\r\n</TR>\r\n<TR ID="BORNONDATE">\r\n<TD STYLE="WIDTH: 70%;">\r\n<DIV CLASS="L">FECHA DE LANZAMIENTO</DIV>\r\n</TD>\r\n<TD STYLE="BACKGROUND-IMAGE: NONE; WIDTH: 30%;">Q2''07</TD>\r\n</TR>\r\n<TR CLASS="EVEN ODD" ID="PROCESSORNUMBER">\r\n<TD STYLE="WIDTH: 70%;">\r\n<DIV CLASS="L">NúMERO DE PROCESADOR</DIV>\r\n</TD>\r\n<TD STYLE="BACKGROUND-IMAGE: NONE; WIDTH: 30%;">430</TD>\r\n</TR>\r\n<TR ID="CORECOUNT">\r\n<TD STYLE="WIDTH: 70%;">\r\n<DIV CLASS="L">NúCLEOS</DIV>\r\n</TD>\r\n<TD STYLE="BACKGROUND-IMAGE: NONE; WIDTH: 30%;">1</TD>\r\n</TR>\r\n<TR CLASS="EVEN ODD" ID="THREADCOUNT">\r\n<TD STYLE="WIDTH: 70%;">\r\n<DIV CLASS="L">Nº DE SUBPROCESOS</DIV>\r\n</TD>\r\n<TD STYLE="BACKGROUND-IMAGE: NONE; WIDTH: 30%;">1</TD>\r\n</TR>\r\n<TR ID="CLOCKSPEED">\r\n<TD STYLE="WIDTH: 70%;">\r\n<DIV CLASS="L">VELOCIDAD DE RELOJ</DIV>\r\n</TD>\r\n<TD STYLE="BACKGROUND-IMAGE: NONE; WIDTH: 30%;">1.8 GHZ</TD>\r\n</TR>\r\n<TR CLASS="EVEN ODD" ID="CACHE">\r\n<TD STYLE="WIDTH: 70%;">\r\n<DIV CLASS="L">CACHé L2</DIV>\r\n</TD>\r\n<TD STYLE="BACKGROUND-IMAGE: NONE; WIDTH: 30%;">512 KB</TD>\r\n</TR>\r\n<TR ID="BUSCORERATIO">\r\n<TD STYLE="WIDTH: 70%;">\r\n<DIV CLASS="L">RATIO DE BUS POR NúCLEO</DIV>\r\n</TD>\r\n<TD STYLE="BACKGROUND-IMAGE: NONE; WIDTH: 30%;">9.0</TD>\r\n</TR>\r\n<TR CLASS="EVEN ODD" ID="BUS">\r\n<TD STYLE="WIDTH: 70%;">\r\n<DIV CLASS="L">VELOCIDAD DEL BUS DE SISTEMA</DIV>\r\n</TD>\r\n<TD STYLE="BACKGROUND-IMAGE: NONE; WIDTH: 30%;">800 MHZ</TD>\r\n</TR>\r\n<TR ID="FSBPARITY">\r\n<TD STYLE="WIDTH: 70%;">\r\n<DIV CLASS="L">PARIDAD DEL BUS DE SISTEMA</DIV>\r\n</TD>\r\n<TD STYLE="BACKGROUND-IMAGE: NONE; WIDTH: 30%;"><SPAN CLASS="NO">NO</SPAN></TD>\r\n</TR>\r\n<TR CLASS="EVEN ODD" ID="INSTRUCTIONSET">\r\n<TD STYLE="WIDTH: 70%;">\r\n<DIV CLASS="L">CONJUNTO DE INSTRUCCIONES</DIV>\r\n</TD>\r\n<TD STYLE="BACKGROUND-IMAGE: NONE; WIDTH: 30%;">64-BIT</TD>\r\n</TR>\r\n<TR ID="EMBEDDED">\r\n<TD STYLE="WIDTH: 70%;">\r\n<DIV CLASS="L">OPCIONES DE INTEGRADOS DISPONIBLES</DIV>\r\n</TD>\r\n<TD STYLE="BACKGROUND-IMAGE: NONE; WIDTH: 30%;"><SPAN CLASS="NO">NO</SPAN></TD>\r\n</TR>\r\n<TR CLASS="EVEN ODD" ID="OFFROADMAP">\r\n<TD STYLE="WIDTH: 70%;">\r\n<DIV CLASS="L">SKU SUPLEMENTARIA</DIV>\r\n</TD>\r\n<TD STYLE="BACKGROUND-IMAGE: NONE; WIDTH: 30%;"><SPAN CLASS="NO">NO</SPAN></TD>\r\n</TR>\r\n<TR ID="LITHOGRAPHY">\r\n<TD STYLE="WIDTH: 70%;">\r\n<DIV CLASS="L">LITOGRAFíA</DIV>\r\n</TD>\r\n<TD STYLE="BACKGROUND-IMAGE: NONE; WIDTH: 30%;">65 NM</TD>\r\n</TR>\r\n<TR CLASS="EVEN ODD" ID="MAXTDP">\r\n<TD STYLE="WIDTH: 70%;">\r\n<DIV CLASS="L">TDP MáX.</DIV>\r\n</TD>\r\n<TD STYLE="BACKGROUND-IMAGE: NONE; WIDTH: 30%;">35 W</TD>\r\n</TR>\r\n<TR ID="COREVOLTAGE">\r\n<TD STYLE="WIDTH: 70%;">\r\n<DIV CLASS="L">RANGO DE VOLTAJE VID</DIV>\r\n</TD>\r\n<TD STYLE="BACKGROUND-IMAGE: NONE; WIDTH: 30%;">1.00V-1.3375V</TD>\r\n</TR>\r\n<TR CLASS="EVEN ODD" ID="PRICE1KUNITS">\r\n<TD STYLE="WIDTH: 70%;">\r\n\r\n<BR></TD>\r\n<TD STYLE="BACKGROUND-IMAGE: NONE; WIDTH: 30%;"><BR></TD>\r\n</TR>\r\n</TBODY>\r\n</TABLE>\r\n</DIV>\r\n<DIV ID="INFOSECTIONGRAPHICSSPECIFICATIONS" CLASS="INNERNAVPANEL">\r\n<TABLE CLASS="SPECS INFOTABLE">\r\n<TBODY>\r\n<TR STYLE="DISPLAY: TABLE-ROW;" CLASS="INFOSECTION">\r\n<TD STYLE="BACKGROUND-IMAGE: NONE; WIDTH: 70%;" COLSPAN="2">GRAPHICS SPECIFICATIONS</TD>\r\n</TR>\r\n<TR CLASS="TECH EVEN ODD" ID="INTEGRATEDGRAPHICS">\r\n<TD STYLE="WIDTH: 70%;">\r\n<DIV CLASS="L"><SPAN STYLE="BORDER-BOTTOM: 1PX DOTTED #0860A8; TEXT-DECORATION: NONE;" CLASS="TT0 HASINFOTOOLTIP">GRáFICOS INTEGRADOS</SPAN></DIV>\r\n</TD>\r\n<TD STYLE="BACKGROUND-IMAGE: NONE; WIDTH: 30%;"><SPAN CLASS="NO">NO</SPAN></TD>\r\n</TR>\r\n</TBODY>\r\n</TABLE>\r\n</DIV>\r\n<DIV ID="INFOSECTIONPACKAGESPECIFICATIONS" CLASS="INNERNAVPANEL">\r\n<TABLE CLASS="SPECS INFOTABLE">\r\n<TBODY>\r\n<TR STYLE="DISPLAY: TABLE-ROW;" CLASS="INFOSECTION">\r\n<TD STYLE="BACKGROUND-IMAGE: NONE; WIDTH: 70%;" COLSPAN="2">PACKAGE SPECIFICATIONS</TD>\r\n</TR>\r\n<TR CLASS="EVEN ODD" ID="TCASE">\r\n<TD STYLE="WIDTH: 70%;">\r\n<DIV CLASS="L">T<SUB>CASE</SUB></DIV>\r\n</TD>\r\n<TD STYLE="BACKGROUND-IMAGE: NONE; WIDTH: 30%;">60.4°C</TD>\r\n</TR>\r\n<TR ID="PACKAGESIZE">\r\n<TD STYLE="WIDTH: 70%;">\r\n<DIV CLASS="L">TAMAñO DEL PAQUETE</DIV>\r\n</TD>\r\n<TD STYLE="BACKGROUND-IMAGE: NONE; WIDTH: 30%;">37.5MM X 37.5MM</TD>\r\n</TR>\r\n<TR CLASS="EVEN ODD" ID="DIESIZE">\r\n<TD STYLE="WIDTH: 70%;">\r\n<DIV CLASS="L">TAMAñO DEL CHIP DE PROCESAMIENTO</DIV>\r\n</TD>\r\n<TD STYLE="BACKGROUND-IMAGE: NONE; WIDTH: 30%;">77 MM<SUP>2</SUP></TD>\r\n</TR>\r\n<TR ID="TRANSISTORCOUNT">\r\n<TD STYLE="WIDTH: 70%;">\r\n<DIV CLASS="L">Nº DE TRANSISTORES EN CHIP DE PROCESAMIENTO</DIV>\r\n</TD>\r\n<TD STYLE="BACKGROUND-IMAGE: NONE; WIDTH: 30%;">105 MILLION</TD>\r\n</TR>\r\n<TR CLASS="EVEN ODD" ID="SOCKETS">\r\n<TD STYLE="WIDTH: 70%;">\r\n<DIV CLASS="L">ZóCALOS ADMITIDOS</DIV>\r\n</TD>\r\n<TD STYLE="BACKGROUND-IMAGE: NONE; WIDTH: 30%;">LGA775</TD>\r\n</TR>\r\n<TR ID="ISHALOGENFREE">\r\n<TD STYLE="WIDTH: 70%;">\r\n<DIV CLASS="L">OPCIONES DE CONCENTRACIóN BAJA DE HALóGENOS DISPONIBLE</DIV>\r\n</TD>\r\n<TD STYLE="BACKGROUND-IMAGE: NONE; WIDTH: 30%;">CONSULTAR MDDS</TD>\r\n</TR>\r\n</TBODY>\r\n</TABLE>\r\n</DIV>\r\n<DIV ID="INFOSECTIONADVANCEDTECHNOLOGIES" CLASS="INNERNAVPANEL">\r\n<TABLE CLASS="SPECS INFOTABLE">\r\n<TBODY>\r\n<TR STYLE="DISPLAY: TABLE-ROW;" CLASS="INFOSECTION">\r\n<TD STYLE="BACKGROUND-IMAGE: NONE; WIDTH: 70%;" COLSPAN="2">ADVANCED TECHNOLOGIES</TD>\r\n</TR>\r\n<TR CLASS="EVEN ODD" ID="TBT">\r\n<TD STYLE="WIDTH: 70%;">\r\n<DIV CLASS="L">TECNOLOGíA INTEL® TURBO BOOST</DIV>\r\n</TD>\r\n<TD STYLE="BACKGROUND-IMAGE: NONE; WIDTH: 30%;"><SPAN CLASS="NO">NO</SPAN></TD>\r\n</TR>\r\n<TR CLASS="TECH" ID="HYPERTHREADING">\r\n<TD STYLE="WIDTH: 70%;">\r\n<DIV CLASS="L"><SPAN STYLE="BORDER-BOTTOM: 1PX DOTTED #0860A8; TEXT-DECORATION: NONE;" CLASS="TT1 HASINFOTOOLTIP">TECNOLOGíA INTEL® HYPER-THREADING</SPAN></DIV>\r\n</TD>\r\n<TD STYLE="BACKGROUND-IMAGE: NONE; WIDTH: 30%;"><SPAN CLASS="NO">NO</SPAN></TD>\r\n</TR>\r\n<TR CLASS="TECH EVEN ODD" ID="VTX">\r\n<TD STYLE="WIDTH: 70%;">\r\n<DIV CLASS="L"><SPAN STYLE="BORDER-BOTTOM: 1PX DOTTED #0860A8; TEXT-DECORATION: NONE;" CLASS="TT2 HASINFOTOOLTIP">INTEL® VIRTUALIZATION TECHNOLOGY (VT-X)</SPAN></DIV>\r\n</TD>\r\n<TD STYLE="BACKGROUND-IMAGE: NONE; WIDTH: 30%;"><SPAN CLASS="NO">NO</SPAN></TD>\r\n</TR>\r\n<TR CLASS="TECH" ID="VTD">\r\n<TD STYLE="WIDTH: 70%;">\r\n<DIV CLASS="L"><SPAN STYLE="BORDER-BOTTOM: 1PX DOTTED #0860A8; TEXT-DECORATION: NONE;" CLASS="TT3 HASINFOTOOLTIP">TECNOLOGíA DE VIRTUALIZACIóN INTEL® PARA E/S DIRECTA (VT-D)</SPAN></DIV>\r\n</TD>\r\n<TD STYLE="BACKGROUND-IMAGE: NONE; WIDTH: 30%;"><SPAN CLASS="NO">NO</SPAN></TD>\r\n</TR>\r\n<TR CLASS="TECH EVEN ODD" ID="TXT">\r\n<TD STYLE="WIDTH: 70%;">\r\n<DIV CLASS="L"><SPAN STYLE="BORDER-BOTTOM: 1PX DOTTED #0860A8; TEXT-DECORATION: NONE;" CLASS="TT4 HASINFOTOOLTIP">TECNOLOGíA DE EJECUCIóN DE CONFIANZA INTEL® (INTEL® TXT)</SPAN></DIV>\r\n</TD>\r\n<TD STYLE="BACKGROUND-IMAGE: NONE; WIDTH: 30%;"><SPAN CLASS="NO">NO</SPAN></TD>\r\n</TR>\r\n<TR ID="AESTECH">\r\n<TD STYLE="WIDTH: 70%;">\r\n<DIV CLASS="L">NUEVAS INSTRUCCIONES AES</DIV>\r\n</TD>\r\n<TD STYLE="BACKGROUND-IMAGE: NONE; WIDTH: 30%;"><SPAN CLASS="NO">NO</SPAN></TD>\r\n</TR>\r\n<TR CLASS="TECH EVEN ODD" ID="EM64">\r\n<TD STYLE="WIDTH: 70%;">\r\n<DIV CLASS="L"><SPAN STYLE="BORDER-BOTTOM: 1PX DOTTED #0860A8; TEXT-DECORATION: NONE;" CLASS="TT5 HASINFOTOOLTIP">INTEL® 64</SPAN></DIV>\r\n</TD>\r\n<TD STYLE="BACKGROUND-IMAGE: NONE; WIDTH: 30%;"><SPAN CLASS="YES">YES</SPAN></TD>\r\n</TR>\r\n<TR ID="HALTSTATE">\r\n<TD STYLE="WIDTH: 70%;">\r\n<DIV CLASS="L">ESTADOS INACTIVOS</DIV>\r\n</TD>\r\n<TD STYLE="BACKGROUND-IMAGE: NONE; WIDTH: 30%;"><SPAN CLASS="NO">NO</SPAN></TD>\r\n</TR>\r\n<TR CLASS="TECH EVEN ODD" ID="SPEEDSTEPTECHNOLOGY">\r\n<TD STYLE="WIDTH: 70%;">\r\n<DIV CLASS="L"><SPAN STYLE="BORDER-BOTTOM: 1PX DOTTED #0860A8; TEXT-DECORATION: NONE;" CLASS="TT6 HASINFOTOOLTIP">TECNOLOGíA INTEL SPEEDSTEP® MEJORADA</SPAN></DIV>\r\n</TD>\r\n<TD STYLE="BACKGROUND-IMAGE: NONE; WIDTH: 30%;"><SPAN CLASS="NO">NO</SPAN></TD>\r\n</TR>\r\n<TR CLASS="TECH" ID="DEMANDBASEDSWITCHING">\r\n<TD STYLE="WIDTH: 70%;">\r\n<DIV CLASS="L"><SPAN STYLE="BORDER-BOTTOM: 1PX DOTTED #0860A8; TEXT-DECORATION: NONE;" CLASS="TT7 HASINFOTOOLTIP">CONMUTACIóN SEGúN DEMANDA INTEL®</SPAN></DIV>\r\n</TD>\r\n<TD STYLE="BACKGROUND-IMAGE: NONE; WIDTH: 30%;"><SPAN CLASS="NO">NO</SPAN></TD>\r\n</TR>\r\n<TR CLASS="EVEN ODD" ID="THERMALMONITORING2INDICATOR">\r\n<TD STYLE="WIDTH: 70%;">\r\n<DIV CLASS="L">TECNOLOGíAS DE MONITORIZACIóN TéRMICA</DIV>\r\n</TD>\r\n<TD STYLE="BACKGROUND-IMAGE: NONE; WIDTH: 30%;"><SPAN CLASS="YES">YES</SPAN></TD>\r\n</TR>\r\n<TR CLASS="TECH" ID="EXECUTEDISABLE">\r\n<TD STYLE="WIDTH: 70%;">\r\n<DIV CLASS="L"><SPAN STYLE="BORDER-BOTTOM: 1PX DOTTED #0860A8; TEXT-DECORATION: NONE;" CLASS="TT8 HASINFOTOOLTIP">BIT DE DESACTIVACIóN DE EJECUCIóN</SPAN></DIV>\r\n</TD>\r\n<TD STYLE="BACKGROUND-IMAGE: NONE; WIDTH: 30%;"><SPAN CLASS="YES">YES</SPAN></TD></TR></TBODY></TABLE></DIV>', 79, '54.00', 'images/6/celeron_sb_1.8_g(05-12-2012_09-58-55-am).jpg', 3, 6),
(19, 'CORE I3 3.3GHZ(2120)', 'CORE I3 3.3GHZ(2120)', 105, '148.00', 'images/6/corei_3_3.3ghz(05-12-2012_10-00-30-am).jpg', 3, 6);

-- --------------------------------------------------------

--
-- Estructura de tabla para la tabla `usuario`
--

CREATE TABLE IF NOT EXISTS `usuario` (
  `user` varchar(25) NOT NULL,
  `pass` varchar(45) NOT NULL,
  `tipo` int(11) NOT NULL COMMENT '0=Administrador; 1=Cliente',
  `estado` int(11) NOT NULL COMMENT '0=Inactivo; 1=Activo',
  `iddato_usuario` int(11) NOT NULL,
  PRIMARY KEY (`iddato_usuario`),
  UNIQUE KEY `user_UNIQUE` (`user`),
  KEY `fk_dato_usuario` (`iddato_usuario`)
) ENGINE=InnoDB DEFAULT CHARSET=latin1;

--
-- Restricciones para tablas volcadas
--

--
-- Filtros para la tabla `compra`
--
ALTER TABLE `compra`
  ADD CONSTRAINT `fk_producto` FOREIGN KEY (`idproducto`) REFERENCES `producto` (`idproducto`) ON DELETE NO ACTION ON UPDATE NO ACTION,
  ADD CONSTRAINT `fk_usuario` FOREIGN KEY (`iddato_usuario`) REFERENCES `usuario` (`iddato_usuario`) ON DELETE NO ACTION ON UPDATE NO ACTION;

--
-- Filtros para la tabla `producto`
--
ALTER TABLE `producto`
  ADD CONSTRAINT `fk_categoria` FOREIGN KEY (`idcategoria`) REFERENCES `categoria` (`idcategoria`) ON DELETE NO ACTION ON UPDATE NO ACTION,
  ADD CONSTRAINT `fk_marca` FOREIGN KEY (`idmarca`) REFERENCES `marca` (`idmarca`) ON DELETE NO ACTION ON UPDATE NO ACTION;

--
-- Filtros para la tabla `usuario`
--
ALTER TABLE `usuario`
  ADD CONSTRAINT `fk_dato_usuario` FOREIGN KEY (`iddato_usuario`) REFERENCES `dato_usuario` (`iddato_usuario`) ON DELETE NO ACTION ON UPDATE NO ACTION;

/*!40101 SET CHARACTER_SET_CLIENT=@OLD_CHARACTER_SET_CLIENT */;
/*!40101 SET CHARACTER_SET_RESULTS=@OLD_CHARACTER_SET_RESULTS */;
/*!40101 SET COLLATION_CONNECTION=@OLD_COLLATION_CONNECTION */;
